feature_id	axis	display_label	proposed_figure_family	n_independent_datasets	datasets	dataset_effects	n_positive_datasets	n_negative_datasets	dominant_direction	weighted_directional_coherence	median_effect	median_absolute_effect	max_absolute_effect	n_FDR10_datasets	n_moderate_effect_datasets	n_large_effect_datasets	validation_class	independent_evidence_priority_score
COMPLEMENT_C3A_C5A_SIGNALING	complement_architecture	C3a and C5a inflammatory signaling	Figure_10	4	GSE112098;GSE186800;GSE252321;GSE280297	GSE112098:0.5287;GSE186800:-0.0500;GSE252321:1.2720;GSE280297:0.0681	3	1	positive	0.6923076923076923	0.298388616388004	0.298388616388004	1.271995088268732	1	2	1	one_FDR_dataset_plus_independent_concordant_effect	12.490696308695696
COMPLEMENT_OPSONOPHAGOCYTOSIS	complement_architecture	Complement-opsonophagocytosis	Figure_10	4	GSE112098;GSE186800;GSE252321;GSE280297	GSE112098:0.5414;GSE186800:-0.4518;GSE252321:0.6107;GSE280297:0.4246	3	1	positive	0.6923076923076923	0.48298523642116864	0.49659957239533753	0.6106585347065031	1	2	0	one_FDR_dataset_plus_independent_concordant_effect	10.18890726470303
COMPLEMENT_ALTERNATIVE	complement_architecture	Alternative complement pathway	Figure_10	4	GSE112098;GSE186800;GSE252321;GSE280297	GSE112098:-0.2673;GSE186800:-0.0699;GSE252321:-0.3102;GSE280297:0.2987	1	3	negative	0.6923076923076923	-0.16861722491240735	0.2830290096714933	0.3102140209047214	1	0	0	limited_independent_support	6.975336701979185
COMPLEMENT_COAGULATION_CROSSTALK	complement_architecture	Complement-coagulation crosstalk	Figure_10	4	GSE112098;GSE186800;GSE252321;GSE280297	GSE112098:-0.0119;GSE186800:0.0935;GSE252321:1.2139;GSE280297:-0.0385	2	2	negative	0.6153846153846154	0.0407853988300732	0.06599499266956885	1.2138848239356397	0	1	1	context_divergent_or_tissue_specific	5.681379608054184
COMPLEMENT_REGULATORS	complement_architecture	Complement regulators	Figure_10	4	GSE112098;GSE186800;GSE252321;GSE280297	GSE112098:0.0923;GSE186800:0.1554;GSE252321:0.2582;GSE280297:0.5237	4	0	positive	1.0	0.20678296968957416	0.20678296968957416	0.523732131138319	0	1	0	limited_independent_support	3.706782969689574
COMPLEMENT_LECTIN	complement_architecture	Lectin complement pathway	Figure_10	4	GSE112098;GSE186800;GSE252321;GSE280297	GSE112098:-0.0446;GSE186800:-0.0154;GSE252321:-0.4272;GSE280297:-0.1012	0	4	negative	1.0	-0.07293726976601556	0.07293726976601556	0.4272133733758726	0	0	0	limited_independent_support	2.0729372697660153
COMPLEMENT_CLASSICAL	complement_architecture	Classical complement pathway	Figure_10	4	GSE112098;GSE186800;GSE252321;GSE280297	GSE112098:0.0482;GSE186800:-0.3507;GSE252321:0.0450;GSE280297:0.2653	3	1	positive	0.6923076923076923	0.04657323203245465	0.15675404982405655	0.3507055049241107	0	0	0	limited_independent_support	1.8490617421317488
COMPLEMENT_C3_CONVERTASE_AMPLIFICATION	complement_architecture	C3 convertase and amplification	Figure_10	4	GSE112098;GSE186800;GSE252321;GSE280297	GSE112098:-0.0330;GSE186800:-0.0621;GSE252321:-0.1859;GSE280297:0.3001	1	3	negative	0.6923076923076923	-0.04756846403974955	0.12403334391012924	0.3000879207652096	0	0	0	limited_independent_support	1.8163410362178216
COMPLEMENT_TERMINAL_MAC	complement_architecture	Terminal complement and membrane-attack complex	Figure_10	4	GSE112098;GSE186800;GSE252321;GSE280297	GSE112098:-0.0420;GSE186800:0.0188;GSE252321:0.1893;GSE280297:0.0283	3	1	positive	0.6923076923076923	0.023577893294278902	0.0351769802622924	0.1892860780793338	0	0	0	limited_independent_support	1.7274846725699846
GLUCOCORTICOID_RESPONSE	steroid_cholesterol_endocrine	Glucocorticoid response	Figure_7	4	GSE112098;GSE186800;GSE252321;GSE280297	GSE112098:0.3653;GSE186800:0.1883;GSE252321:1.1502;GSE280297:0.0247	4	0	positive	1.0	0.2767858130086916	0.2767858130086916	1.1502346745187015	1	1	1	limited_independent_support	11.276785813008692
FERROPTOSIS_LIPID_PEROXIDATION	lipid_metabolism	Ferroptosis-linked lipid peroxidation	Figure_7	4	GSE112098;GSE186800;GSE252321;GSE280297	GSE112098:0.3002;GSE186800:0.2303;GSE252321:1.1754;GSE280297:-0.0052	3	1	positive	0.6923076923076923	0.26524700211175944	0.26524700211175944	1.1754384962200224	1	1	1	limited_independent_support	10.957554694419452
ESTROGEN_RECEPTOR_RESPONSE	steroid_cholesterol_endocrine	Estrogen receptor response	Figure_7	4	GSE112098;GSE186800;GSE252321;GSE280297	GSE112098:-0.1560;GSE186800:0.4784;GSE252321:0.6820;GSE280297:0.1650	3	1	positive	0.6923076923076923	0.321714667545297	0.321714667545297	0.6820350103952629	1	1	0	limited_independent_support	8.51402235985299
FATTY_ACID_BETA_OXIDATION	lipid_metabolism	Fatty-acid beta-oxidation	Figure_7	4	GSE112098;GSE186800;GSE252321;GSE280297	GSE112098:0.2257;GSE186800:0.4019;GSE252321:-0.2105;GSE280297:0.3261	3	1	positive	0.9230769230769231	0.27588947296958666	0.27588947296958666	0.4018925839798754	1	0	0	limited_independent_support	7.19896639604651
PPAR_SREBP_LXR_REGULATION	lipid_metabolism	PPAR, SREBP and LXR regulation	Figure_7	4	GSE112098;GSE186800;GSE252321;GSE280297	GSE112098:0.1797;GSE186800:0.4588;GSE252321:0.0512;GSE280297:-0.3223	3	1	positive	0.6923076923076923	0.1154756265663969	0.25101857020078794	0.4588103829459571	1	0	0	limited_independent_support	6.943326262508481
ESTROGEN_BIOSYNTHESIS	steroid_cholesterol_endocrine	Estrogen biosynthesis and interconversion	Figure_7	4	GSE112098;GSE186800;GSE252321;GSE280297	GSE112098:-0.2829;GSE186800:0.1224;GSE252321:-0.1834;GSE280297:0.2236	2	2	positive	0.6153846153846154	-0.030490215661860803	0.20347591443295	0.2828595871711987	1	0	0	context_divergent_or_tissue_specific	6.818860529817565
TESTOSTERONE_CONVERSION_AROMATIZATION	steroid_cholesterol_endocrine	Testosterone conversion and aromatization	Figure_7	3	GSE112098;GSE186800;GSE280297	GSE112098:-0.2152;GSE186800:-0.0796;GSE280297:0.2891	1	2	negative	0.6666666666666666	-0.0796346338509084	0.2151942148542195	0.28911717676748	1	0	0	context_divergent_or_tissue_specific	6.631860881520886
STEROID_CATABOLISM_DEACTIVATION	steroid_cholesterol_endocrine	Steroid catabolism and deactivation	Figure_7	1	GSE112098	GSE112098:-0.2186	0	1	negative	1.0	-0.2186252889961534	0.2186252889961534	0.2186252889961534	1	0	0	limited_independent_support	6.4686252889961535
CHOLESTEROL_BIOSYNTHESIS	steroid_cholesterol_endocrine	Cholesterol biosynthesis	Figure_7	4	GSE112098;GSE186800;GSE252321;GSE280297	GSE112098:0.1133;GSE186800:0.1682;GSE252321:-1.1792;GSE280297:0.2253	3	1	positive	0.9230769230769231	0.14073591291462567	0.19675696964965939	1.1791840557458284	0	1	1	limited_independent_support	6.119833892726582
LIPID_DROPLET_DYNAMICS	lipid_metabolism	Lipid-droplet dynamics	Figure_7	4	GSE112098;GSE186800;GSE252321;GSE280297	GSE112098:-0.0227;GSE186800:0.3179;GSE252321:7.6589;GSE280297:0.2193	3	1	positive	0.6923076923076923	0.2686248403681434	0.2686248403681434	7.658898539335444	0	1	1	limited_independent_support	5.960932532675836
PLACENTAL_STEROID_METABOLISM	steroid_cholesterol_endocrine	Placental steroid metabolism	Figure_7	4	GSE112098;GSE186800;GSE252321;GSE280297	GSE112098:-0.1552;GSE186800:0.1492;GSE252321:1.0602;GSE280297:-0.0658	2	2	negative	0.6153846153846154	0.04173892681296601	0.15223227307992737	1.0602349023846258	0	1	1	context_divergent_or_tissue_specific	5.767616888464542
FATTY_ACID_SYNTHESIS	lipid_metabolism	Fatty-acid synthesis	Figure_7	4	GSE112098;GSE186800;GSE252321;GSE280297	GSE112098:0.1915;GSE186800:0.5714;GSE252321:-0.5137;GSE280297:0.2247	3	1	positive	0.9230769230769231	0.20807252691001416	0.3692213160050505	0.5714152946126717	0	2	0	two_dataset_concordant_effect	5.2922982390819735
ANDROGEN_RECEPTOR_SIGNALING	steroid_cholesterol_endocrine	Androgen receptor signaling	Figure_7	4	GSE112098;GSE186800;GSE252321;GSE280297	GSE112098:-0.0904;GSE186800:0.6070;GSE252321:0.5369;GSE280297:0.0072	3	1	positive	0.6923076923076923	0.2720276673114186	0.3136492338473797	0.6070000780702226	0	2	0	two_dataset_concordant_effect	5.005956926155072
CHOLESTEROL_UPTAKE_TRANSPORT_EXPORT	steroid_cholesterol_endocrine	Cholesterol uptake, transport and export	Figure_7	4	GSE112098;GSE186800;GSE252321;GSE280297	GSE112098:0.0764;GSE186800:0.3367;GSE252321:0.7158;GSE280297:0.2843	4	0	positive	1.0	0.3104902340385001	0.3104902340385001	0.7158495728136308	0	1	0	limited_independent_support	3.8104902340385003
PHOSPHOLIPID_METABOLISM	lipid_metabolism	Phospholipid metabolism	Figure_7	4	GSE112098;GSE186800;GSE252321;GSE280297	GSE112098:0.1203;GSE186800:0.5388;GSE252321:0.2913;GSE280297:0.2477	4	0	positive	1.0	0.26948551590084213	0.26948551590084213	0.538755285197116	0	1	0	limited_independent_support	3.769485515900842
LXR_FXR_STEROL_SIGNALING	steroid_cholesterol_endocrine	LXR and FXR sterol signaling	Figure_7	4	GSE112098;GSE186800;GSE252321;GSE280297	GSE112098:0.1135;GSE186800:0.3144;GSE252321:0.6028;GSE280297:0.1845	4	0	positive	1.0	0.24946526686843096	0.24946526686843096	0.6028015184097174	0	1	0	limited_independent_support	3.749465266868431
SPHINGOLIPID_CERAMIDE_METABOLISM	lipid_metabolism	Sphingolipid and ceramide metabolism	Figure_7	4	GSE112098;GSE186800;GSE252321;GSE280297	GSE112098:0.1140;GSE186800:0.6418;GSE252321:0.2619;GSE280297:-0.3576	3	1	positive	0.6923076923076923	0.18795133979137854	0.30976390374745044	0.6418482665700248	0	1	0	limited_independent_support	3.502071596055143
ANDROGEN_TESTOSTERONE_BIOSYNTHESIS	steroid_cholesterol_endocrine	Androgen and testosterone biosynthesis	Figure_7	4	GSE112098;GSE186800;GSE252321;GSE280297	GSE112098:-0.0527;GSE186800:0.1523;GSE252321:-0.7022;GSE280297:-0.2572	1	3	negative	0.6923076923076923	-0.1549462133588454	0.20477564177353716	0.702161501415687	0	1	0	limited_independent_support	3.3970833340812296
STEROID_SULFATION_DESULFATION	steroid_cholesterol_endocrine	Steroid sulfation and desulfation	Figure_7	4	GSE112098;GSE186800;GSE252321;GSE280297	GSE112098:-0.0709;GSE186800:0.3115;GSE252321:0.2502;GSE280297:-0.6622	2	2	negative	0.6153846153846154	0.0896751647230467	0.2808476821303817	0.6622188490412063	0	1	0	context_divergent_or_tissue_specific	3.396232297514997
MINERALOCORTICOID_RESPONSE	steroid_cholesterol_endocrine	Mineralocorticoid response	Figure_7	4	GSE112098;GSE186800;GSE252321;GSE280297	GSE112098:0.0583;GSE186800:0.4199;GSE252321:0.2049;GSE280297:0.4383	4	0	positive	1.0	0.312419294237519	0.312419294237519	0.4382564416029907	0	0	0	limited_independent_support	2.312419294237519
PROGESTERONE_BIOSYNTHESIS_RESPONSE	steroid_cholesterol_endocrine	Progesterone biosynthesis and response	Figure_7	4	GSE112098;GSE186800;GSE252321;GSE280297	GSE112098:0.0788;GSE186800:0.3914;GSE252321:0.2943;GSE280297:0.1941	4	0	positive	1.0	0.2441868826428838	0.2441868826428838	0.3914043087873486	0	0	0	limited_independent_support	2.2441868826428837
STEROIDOGENESIS_CORE	steroid_cholesterol_endocrine	Core steroidogenesis	Figure_7	4	GSE112098;GSE186800;GSE252321;GSE280297	GSE112098:-0.0928;GSE186800:0.0341;GSE252321:-0.3566;GSE280297:-0.1577	1	3	negative	0.6923076923076923	-0.1252498350311477	0.1252498350311477	0.3566155416683578	0	0	0	limited_independent_support	1.81755752733884
EICOSANOID_PROSTAGLANDIN_METABOLISM	lipid_metabolism	Eicosanoid and prostaglandin metabolism	Figure_7	4	GSE112098;GSE186800;GSE252321;GSE280297	GSE112098:0.0579;GSE186800:-0.0524;GSE252321:-0.0110;GSE280297:0.0705	2	2	positive	0.6153846153846154	0.02348411445473675	0.05515912674692545	0.0704649243100196	0	0	0	context_divergent_or_tissue_specific	1.670543742131541
LEPTIN_SIGNALING	adipokine_signaling	Leptin signaling	Figure_8	4	GSE112098;GSE186800;GSE252321;GSE280297	GSE112098:0.3544;GSE186800:0.7289;GSE252321:0.9901;GSE280297:0.3395	4	0	positive	1.0	0.541669623390839	0.541669623390839	0.9900621618745398	1	2	1	one_FDR_dataset_plus_independent_concordant_effect	13.041669623390838
GLYCOLYSIS	carbohydrate_inflammatory_carbon	Glycolysis	Figure_8	4	GSE112098;GSE186800;GSE252321;GSE280297	GSE112098:0.5186;GSE186800:-0.0933;GSE252321:1.0086;GSE280297:-0.4066	2	2	negative	0.6153846153846154	0.2126527648877263	0.4626056479084688	1.0085607514920767	1	2	1	context_divergent_or_tissue_specific	12.577990263293083
RESISTIN_INFLAMMATORY_SIGNALING	adipokine_signaling	Resistin-associated inflammatory signaling	Figure_8	4	GSE112098;GSE186800;GSE252321;GSE280297	GSE112098:0.4390;GSE186800:0.1633;GSE252321:1.4473;GSE280297:0.2726	4	0	positive	1.0	0.3558003085579468	0.3558003085579468	1.447321620719106	1	1	1	limited_independent_support	11.355800308557948
LACTATE_HIF1A_INFLAMMATORY_GLYCOLYSIS	carbohydrate_inflammatory_carbon	Lactate and HIF1A inflammatory glycolysis	Figure_8	4	GSE112098;GSE186800;GSE252321;GSE280297	GSE112098:0.4356;GSE186800:0.3495;GSE252321:1.3710;GSE280297:-0.1815	3	1	positive	0.6923076923076923	0.3925730990711396	0.3925730990711396	1.3709552773169482	1	1	1	limited_independent_support	11.084880791378831
ADIPOKINE_INFLAMMATORY_AXIS	adipokine_signaling	Inflammatory adipokine axis	Figure_8	4	GSE112098;GSE186800;GSE252321;GSE280297	GSE112098:0.1824;GSE186800:-0.1267;GSE252321:2.0614;GSE280297:0.2354	3	1	positive	0.6923076923076923	0.208893764575801	0.208893764575801	2.0614152956611087	1	1	1	limited_independent_support	10.901201456883493
PI3K_AKT_SIGNALING	insulin_irs_signaling	PI3K-AKT signaling	Figure_8	4	GSE112098;GSE186800;GSE252321;GSE280297	GSE112098:0.3307;GSE186800:0.7117;GSE252321:0.5145;GSE280297:0.1040	4	0	positive	1.0	0.4225934839620864	0.4225934839620864	0.7116572012171	1	2	0	one_FDR_dataset_plus_independent_concordant_effect	10.422593483962086
PPARG_ADIPOMETABOLIC_REGULATION	adipokine_signaling	PPARG adipometabolic regulation	Figure_8	4	GSE112098;GSE186800;GSE252321;GSE280297	GSE112098:0.1889;GSE186800:0.4479;GSE252321:0.5452;GSE280297:-0.2397	3	1	positive	0.6923076923076923	0.318402719478308	0.3438051661758259	0.5451508305094149	1	1	0	limited_independent_support	8.536112858483518
AGE_RAGE_SIGNALING	carbohydrate_inflammatory_carbon	AGE-RAGE signaling	Figure_8	4	GSE112098;GSE186800;GSE252321;GSE280297	GSE112098:0.3263;GSE186800:0.0744;GSE252321:0.7252;GSE280297:-0.2087	3	1	positive	0.6923076923076923	0.20037155756821717	0.26752261896897256	0.7251718047518013	1	1	0	limited_independent_support	8.459830311276665
GLYCOGEN_SYNTHESIS	carbohydrate_inflammatory_carbon	Glycogen synthesis	Figure_8	4	GSE112098;GSE186800;GSE252321;GSE280297	GSE112098:0.1062;GSE186800:0.5936;GSE252321:1.6018;GSE280297:-0.0040	3	1	positive	0.6923076923076923	0.34990721140789693	0.34990721140789693	1.601768502216392	0	2	1	two_dataset_concordant_effect	7.542214903715589
PENTOSE_PHOSPHATE_PATHWAY	carbohydrate_inflammatory_carbon	Pentose-phosphate pathway	Figure_8	4	GSE112098;GSE186800;GSE252321;GSE280297	GSE112098:0.2952;GSE186800:-0.2188;GSE252321:-0.4690;GSE280297:0.4285	2	2	positive	0.6153846153846154	0.038192998758507485	0.3618440054597124	0.4690392605595158	1	0	0	context_divergent_or_tissue_specific	6.977228620844327
GLUCOSE_TRANSPORT	carbohydrate_inflammatory_carbon	Glucose transport	Figure_8	4	GSE112098;GSE186800;GSE252321;GSE280297	GSE112098:-0.0074;GSE186800:0.3861;GSE252321:1.3651;GSE280297:-0.3234	2	2	negative	0.6153846153846154	0.18935548576072433	0.3547661627287148	1.3650722104202886	0	1	1	context_divergent_or_tissue_specific	5.97015077811333
AMPK_INSULIN_COUNTERREGULATION	insulin_irs_signaling	AMPK counter-regulation of insulin signaling	Figure_8	4	GSE112098;GSE186800;GSE252321;GSE280297	GSE112098:-0.0960;GSE186800:0.8737;GSE252321:-0.0934;GSE280297:0.1432	2	2	positive	0.6153846153846154	0.024891192039635093	0.1195884262032442	0.8737464490100074	0	1	1	context_divergent_or_tissue_specific	5.7349730415878595
INSULIN_RECEPTOR_IRS	insulin_irs_signaling	Insulin receptor and IRS signaling	Figure_8	4	GSE112098;GSE186800;GSE252321;GSE280297	GSE112098:0.1896;GSE186800:0.6586;GSE252321:0.6087;GSE280297:-0.0467	3	1	positive	0.6923076923076923	0.3991139711995472	0.3991139711995472	0.6586311933890442	0	2	0	two_dataset_concordant_effect	5.09142166350724
AMPK_SIGNALING	carbohydrate_inflammatory_carbon	AMPK signaling	Figure_8	4	GSE112098;GSE186800;GSE252321;GSE280297	GSE112098:0.0912;GSE186800:0.5721;GSE252321:0.0450;GSE280297:0.3936	4	0	positive	1.0	0.24243744354334795	0.24243744354334795	0.5721475889997217	0	1	0	limited_independent_support	3.742437443543348
ADIPONECTIN_SIGNALING	adipokine_signaling	Adiponectin signaling	Figure_8	4	GSE112098;GSE186800;GSE252321;GSE280297	GSE112098:0.0881;GSE186800:0.5774;GSE252321:0.3428;GSE280297:0.0050	4	0	positive	1.0	0.2154497201536374	0.2154497201536374	0.577419264191277	0	1	0	limited_independent_support	3.7154497201536376
TCA_OXPHOS	carbohydrate_inflammatory_carbon	TCA cycle and oxidative phosphorylation	Figure_8	4	GSE112098;GSE186800;GSE252321;GSE280297	GSE112098:0.3733;GSE186800:-0.1070;GSE252321:-0.6033;GSE280297:0.4911	2	2	positive	0.6153846153846154	0.13312354483562794	0.43216863435811464	0.603288398609815	0	1	0	context_divergent_or_tissue_specific	3.5475532497427302
GLYCOGENOLYSIS	carbohydrate_inflammatory_carbon	Glycogenolysis	Figure_8	4	GSE112098;GSE186800;GSE252321;GSE280297	GSE112098:0.0877;GSE186800:0.5278;GSE252321:-0.1401;GSE280297:0.0978	3	1	positive	0.9230769230769231	0.09275358273102124	0.11896593655045751	0.5277570488893757	0	1	0	limited_independent_support	3.5420428596273807
MTORC1_INSULIN_OUTPUT	insulin_irs_signaling	mTORC1 insulin output	Figure_8	4	GSE112098;GSE186800;GSE252321;GSE280297	GSE112098:-0.1023;GSE186800:0.7815;GSE252321:-0.2757;GSE280297:0.2898	2	2	positive	0.6153846153846154	0.09377284369294454	0.2827807641536563	0.7814687820842906	0	1	0	context_divergent_or_tissue_specific	3.3981653795382716
MTOR_SIGNALING	carbohydrate_inflammatory_carbon	mTOR signaling	Figure_8	4	GSE112098;GSE186800;GSE252321;GSE280297	GSE112098:0.1659;GSE186800:0.2116;GSE252321:-0.4746;GSE280297:0.4049	3	1	positive	0.9230769230769231	0.18875873873889532	0.308259483676142	0.4745522246918041	0	0	0	limited_independent_support	2.231336406753065
GLUCONEOGENESIS	carbohydrate_inflammatory_carbon	Gluconeogenesis	Figure_8	4	GSE112098;GSE186800;GSE252321;GSE280297	GSE112098:0.0496;GSE186800:-0.0663;GSE252321:-0.0332;GSE280297:0.2827	2	2	positive	0.6153846153846154	0.008229463770562401	0.057950012028011796	0.2826640207251812	0	0	0	context_divergent_or_tissue_specific	1.6733346274126273
XANTHINE_OXIDASE_OXIDATIVE_PURINE_CATABOLISM	nucleotide_nad_nitrogen	Xanthine oxidase and oxidative purine catabolism	Figure_9	4	GSE112098;GSE186800;GSE252321;GSE280297	GSE112098:0.5130;GSE186800:-0.0147;GSE252321:0.8909;GSE280297:-0.0112	2	2	negative	0.6153846153846154	0.2508795193021792	0.263842357095577	0.8909110371341586	1	2	1	context_divergent_or_tissue_specific	12.379226972480192
NITRIC_OXIDE_SYNTHESIS_REGULATION	nucleotide_nad_nitrogen	Nitric-oxide synthesis and regulation	Figure_9	4	GSE112098;GSE186800;GSE252321;GSE280297	GSE112098:0.1616;GSE186800:-0.1855;GSE252321:0.8087;GSE280297:-0.4823	2	2	negative	0.6153846153846154	-0.011984839719327095	0.33393609137581587	0.808654716637116	1	1	1	context_divergent_or_tissue_specific	10.949320706760432
ARGININE_NO_UREA	amino_acid_metabolism	Arginine, nitric oxide and urea coupling	Figure_9	4	GSE112098;GSE186800;GSE252321;GSE280297	GSE112098:0.2147;GSE186800:-0.0814;GSE252321:1.4385;GSE280297:-0.3257	2	2	negative	0.6153846153846154	0.0666332786882913	0.27021891053323843	1.4385237823077388	1	1	1	context_divergent_or_tissue_specific	10.885603525917853
CATECHOLAMINE_IRON_REDOX_INTERFACE	catecholamine_stress_adjacent	Catecholamine, iron and redox interface	Figure_9	4	GSE112098;GSE186800;GSE252321;GSE280297	GSE112098:0.2861;GSE186800:-0.0092;GSE252321:0.6909;GSE280297:0.2901	3	1	positive	0.6923076923076923	0.28809958725442564	0.28809958725442564	0.6908838182362512	1	1	0	limited_independent_support	8.480407279562119
AMINO_ACID_TRANSPORT	amino_acid_metabolism	Amino-acid transport	Figure_9	4	GSE112098;GSE186800;GSE252321;GSE280297	GSE112098:0.1404;GSE186800:0.5415;GSE252321:1.5424;GSE280297:-0.0779	3	1	positive	0.6923076923076923	0.3409446146827993	0.3409446146827993	1.5424044949776037	0	2	1	two_dataset_concordant_effect	7.533252306990492
PYRIMIDINE_DEGRADATION	nucleotide_nad_nitrogen	Pyrimidine degradation	Figure_9	4	GSE112098;GSE186800;GSE252321;GSE280297	GSE112098:0.4772;GSE186800:-0.2231;GSE252321:-0.4257;GSE280297:-0.4251	1	3	negative	0.6923076923076923	-0.324141498198932	0.42543840845107644	0.477190556982652	1	0	0	limited_independent_support	7.117746100758769
UREA_CYCLE	nucleotide_nad_nitrogen	Urea cycle	Figure_9	4	GSE112098;GSE186800;GSE252321;GSE280297	GSE112098:0.2398;GSE186800:-0.1473;GSE252321:0.1551;GSE280297:-0.0291	2	2	negative	0.6153846153846154	0.06304629897196334	0.1512051632553365	0.2398267873201662	1	0	0	context_divergent_or_tissue_specific	6.766589778639951
PURINE_DE_NOVO_SYNTHESIS	nucleotide_nad_nitrogen	De novo purine synthesis	Figure_9	4	GSE112098;GSE186800;GSE252321;GSE280297	GSE112098:0.0384;GSE186800:0.4341;GSE252321:-1.0413;GSE280297:0.4174	3	1	positive	0.9230769230769231	0.2278847197644371	0.42571839084984797	1.0412989905292878	0	1	1	limited_independent_support	6.348795313926772
PYRIMIDINE_SYNTHESIS	nucleotide_nad_nitrogen	Pyrimidine synthesis	Figure_9	4	GSE112098;GSE186800;GSE252321;GSE280297	GSE112098:0.0409;GSE186800:0.0298;GSE252321:-0.9864;GSE280297:0.3664	3	1	positive	0.9230769230769231	0.0353526277731733	0.20364351063311203	0.9863726970474525	0	1	1	limited_independent_support	6.126720433710036
CATECHOLAMINE_BIOSYNTHESIS_DEGRADATION	catecholamine_stress_adjacent	Catecholamine biosynthesis and degradation	Figure_9	4	GSE112098;GSE186800;GSE252321;GSE280297	GSE112098:0.0011;GSE186800:0.0556;GSE252321:-0.9055;GSE280297:0.1396	3	1	positive	0.9230769230769231	0.02837036553260575	0.09758924364549235	0.9055424845650673	0	1	1	limited_independent_support	6.020666166722416
PURINE_SALVAGE	nucleotide_nad_nitrogen	Purine salvage	Figure_9	4	GSE112098;GSE186800;GSE252321;GSE280297	GSE112098:0.1052;GSE186800:0.1308;GSE252321:1.4487;GSE280297:-0.4471	3	1	positive	0.6923076923076923	0.118032238483875	0.28896811687876217	1.4487437909106362	0	1	1	limited_independent_support	5.981275809186455
TRYPTOPHAN_KYNURENINE	amino_acid_metabolism	Tryptophan-kynurenine metabolism	Figure_9	4	GSE112098;GSE186800;GSE252321;GSE280297	GSE112098:0.0769;GSE186800:-0.3147;GSE252321:-1.1071;GSE280297:-0.0660	1	3	negative	0.6923076923076923	-0.19038803378944485	0.19581297310514095	1.1071274608568007	0	1	1	limited_independent_support	5.888120665412833
AROMATIC_AMINO_ACID_METABOLISM	amino_acid_metabolism	Aromatic amino-acid metabolism	Figure_9	4	GSE112098;GSE186800;GSE252321;GSE280297	GSE112098:0.0287;GSE186800:-0.0239;GSE252321:-2.3462;GSE280297:-0.0859	1	3	negative	0.6923076923076923	-0.054902410039262606	0.057330317488086854	2.3462045747340707	0	1	1	limited_independent_support	5.749638009795779
METHIONINE_SAM_METHYLATION	amino_acid_metabolism	Methionine and SAM metabolism	Figure_9	4	GSE112098;GSE186800;GSE252321;GSE280297	GSE112098:0.0516;GSE186800:0.2439;GSE252321:-0.6231;GSE280297:0.2039	3	1	positive	0.9230769230769231	0.1277410186417246	0.22388888708427965	0.6231176897686507	0	1	0	limited_independent_support	3.646965810161203
PURINE_DEGRADATION_URATE	nucleotide_nad_nitrogen	Purine degradation and urate	Figure_9	4	GSE112098;GSE186800;GSE252321;GSE280297	GSE112098:0.1355;GSE186800:0.1798;GSE252321:0.6667;GSE280297:-0.2692	3	1	positive	0.6923076923076923	0.15765573276482137	0.22451789489353818	0.6667329786824677	0	1	0	limited_independent_support	3.4168255872012305
BRANCHED_CHAIN_AMINO_ACIDS	amino_acid_metabolism	Branched-chain amino-acid metabolism	Figure_9	4	GSE112098;GSE186800;GSE252321;GSE280297	GSE112098:-0.1862;GSE186800:0.1476;GSE252321:-0.5899;GSE280297:0.0684	2	2	positive	0.6153846153846154	-0.058882305432034696	0.16688592505603064	0.5898504281140434	0	1	0	context_divergent_or_tissue_specific	3.282270540440646
GLUTAMINE_GLUTAMATE	amino_acid_metabolism	Glutamine and glutamate metabolism	Figure_9	4	GSE112098;GSE186800;GSE252321;GSE280297	GSE112098:0.1328;GSE186800:0.3632;GSE252321:0.2794;GSE280297:-0.0118	3	1	positive	0.6923076923076923	0.2060825302536242	0.2060825302536242	0.3631998295697907	0	0	0	limited_independent_support	1.8983902225613165
NAD_METABOLISM	nucleotide_nad_nitrogen	NAD metabolism	Figure_9	4	GSE112098;GSE186800;GSE252321;GSE280297	GSE112098:-0.0045;GSE186800:0.1752;GSE252321:-0.4131;GSE280297:0.2448	2	2	positive	0.6153846153846154	0.08534335991350495	0.2100005003186482	0.413058608436714	0	0	0	context_divergent_or_tissue_specific	1.8253851157032637
SERINE_GLYCINE_ONE_CARBON	amino_acid_metabolism	Serine, glycine and one-carbon metabolism	Figure_9	4	GSE112098;GSE186800;GSE252321;GSE280297	GSE112098:0.0384;GSE186800:-0.0770;GSE252321:-0.4825;GSE280297:0.3320	2	2	positive	0.6153846153846154	-0.019292906790746148	0.20450967014303906	0.4825057735165307	0	0	0	context_divergent_or_tissue_specific	1.8198942855276545
ADRENERGIC_STRESS_SIGNALING	catecholamine_stress_adjacent	Adrenergic stress signaling	Figure_9	4	GSE112098;GSE186800;GSE252321;GSE280297	GSE112098:-0.1038;GSE186800:0.2941;GSE252321:0.0179;GSE280297:-0.4203	2	2	negative	0.6153846153846154	-0.0429290753719735	0.19895432389654405	0.4202849029495351	0	0	0	context_divergent_or_tissue_specific	1.8143389392811595
NFKB_MAPK_INFLAMMATION_ANCHOR	immune_context_anchors	NF-kB and MAPK inflammation anchor	Integrated_network	4	GSE112098;GSE186800;GSE252321;GSE280297	GSE112098:0.4016;GSE186800:0.2536;GSE252321:1.0446;GSE280297:0.3402	4	0	positive	1.0	0.37087932851230343	0.37087932851230343	1.0445949889470858	1	1	1	limited_independent_support	11.370879328512304
PREGNANCY_INFLAMMATION_ANCHOR	immune_context_anchors	Pregnancy-associated inflammation anchor	Integrated_network	4	GSE112098;GSE186800;GSE252321;GSE280297	GSE112098:0.2900;GSE186800:0.2455;GSE252321:1.8319;GSE280297:0.2163	4	0	positive	1.0	0.2677640036828332	0.2677640036828332	1.8318950944988115	1	1	1	limited_independent_support	11.267764003682833
NEUTROPHIL_NETOSIS_ANCHOR	immune_context_anchors	Neutrophil and NETosis anchor	Integrated_network	4	GSE112098;GSE186800;GSE252321;GSE280297	GSE112098:0.4718;GSE186800:-0.3258;GSE252321:1.6832;GSE280297:0.1432	3	1	positive	0.6923076923076923	0.3074881720994313	0.39875359724630216	1.6831623720365632	1	1	1	limited_independent_support	11.091061289553993
TLR4_LPS_SIGNALING_ANCHOR	immune_context_anchors	TLR4-LPS signaling anchor	Integrated_network	4	GSE112098;GSE186800;GSE252321;GSE280297	GSE112098:0.2496;GSE186800:0.3427;GSE252321:0.5280;GSE280297:0.5387	4	0	positive	1.0	0.4353389423735531	0.4353389423735531	0.538690474302069	1	2	0	one_FDR_dataset_plus_independent_concordant_effect	10.435338942373553
OXIDATIVE_STRESS_NRF2_ANCHOR	immune_context_anchors	Oxidative stress and NRF2 anchor	Integrated_network	4	GSE112098;GSE186800;GSE252321;GSE280297	GSE112098:0.3829;GSE186800:0.2628;GSE252321:0.5734;GSE280297:0.4905	4	0	positive	1.0	0.43670797231367875	0.43670797231367875	0.5733729709195335	1	1	0	limited_independent_support	8.936707972313679
UROTHELIAL_BARRIER_REPAIR_ANCHOR	immune_context_anchors	Urothelial barrier and repair anchor	Integrated_network	4	GSE112098;GSE186800;GSE252321;GSE280297	GSE112098:-0.1897;GSE186800:-0.1199;GSE252321:0.3002;GSE280297:-0.3028	1	3	negative	0.9230769230769231	-0.1548088816976222	0.24496583299983887	0.3028473787411856	0	0	0	limited_independent_support	2.168042756076762
